arch_id,val_mae,val_mse,test_mae,test_mse,test_rmse,params,flops,train_seconds,epochs_run,best_epoch,peak_mem_gb,graph_family,has_graph,uses_A,group3,seq_family,flat_family,head,decoder,val_mae_seed1,val_mae_seed2,params_seedstd,flops_seedstd,l2_norm,l2_norm_seedstd,l2_norm_all,l2_norm_all_seedstd,grad_norm,grad_norm_seedstd,grad_norm_all,grad_norm_all_seedstd,snip,snip_seedstd,snip_all,snip_all_seedstd,plain,plain_seedstd,plain_all,plain_all_seedstd,fisher,fisher_seedstd,synflow,synflow_seedstd,synflow_all,synflow_all_seedstd,jacov,jacov_seedstd,nwot,nwot_seedstd,zen,zen_seedstd,grasp,grasp_seedstd,grasp_all,grasp_all_seedstd,zico,zico_seedstd,tfas_zico_cl,tfas_zico_cl_seedstd,S_spatial_nwot,z_spatial_nwot,nwot_underA_v2,nwot_permmean,S_spatial_zico,z_spatial_zico,zico_underA_v2,zico_permmean,S_spatial_grad_norm_all,z_spatial_grad_norm_all,grad_norm_all_underA_v2,grad_norm_all_permmean,S_spatial_snip_all,z_spatial_snip_all,snip_all_underA_v2,snip_all_permmean
c84e311c72,0.21449117123040723,0.10387831080259079,0.2179522389589354,0.10957009408217165,0.3310137369991941,986511.0,16026085376.0,271.2,15,9,0.887,none,False,False,graph-blind,tcn,nbeats_s,mae,linear,0.2101309326105903,0.21033942277073167,0.0,0.0,304.46287353833515,0.2675264968441807,775.4300879041353,0.4746520882794337,5.6354179977761305,0.15985223257242587,5.962907740524884,0.17198609914124813,20.691521982505453,1.0630970861181657,22.40339433761643,1.1090540614528055,0.05345355369512975,0.012755548126129335,0.11804047393239174,0.025322862178749753,0.00010734071971347213,1.5395104698057347e-05,45256901.69056552,204129.14658356423,75630356.94521831,553354.9003410122,-32.02870479817346,0.0017471931552348805,419.65384223916107,0.11793021757606538,67.2132167286343,0.023965372063547666,0.39268894242688085,0.04376473570800217,-1.7936687298655665,0.05636848906951601,1055.859661625991,4.808682033731288,469.700439453125,0.7584054268387114,0.0,0.0,419.66316251023164,419.66316251023164,0.0,0.0,1059.8995206076188,1059.8995206076188,0.0,0.0,5.954283085063081,5.954283085063081,0.0,0.0,22.340014308076125,22.340014308076125
b03341cf63,0.2047535913332471,0.09613742755984253,0.2119024344144282,0.10349422478033835,0.3217051830175236,820733.0,76359075432.0,479.4,20,19,3.128,gcn,True,True,uses A,transformer,skip_connection,quantile,linear,0.21038418267530004,0.20502754347584173,0.0,0.0,338.3601098358631,0.23045156980844417,987.4446222021555,0.49009368559107747,0.9404165768534464,0.08479151978703692,1.0295422926861881,0.08394971574386564,3.1828154414791627,0.3031132760521695,3.4446108209079767,0.3215890210635016,0.0144517129870015,0.001633076139515798,0.027711966426932258,0.0033555119443457308,1.6269074950036448e-06,2.9035736161677038e-08,114186171.0123332,1925846.8912041506,152322205.03460053,2874351.5890784212,-556.2532833746124,303.18404744701684,445.9045391587841,0.4272346633818899,51.10680076811048,0.11652506230695046,0.0016077562505494249,0.00377671366174847,-0.05848352058925607,0.0029549336201169485,1207.7068717547531,24.332318620853147,527.4505818684896,6.159545752143218,0.1193023734392303,36.43864938652527,445.8992652619564,445.77996288851716,0.14732814083019244,0.005657016406333301,1205.0938140868586,1205.0841665933124,0.0004857105565495197,4.58694217890559,1.0270649116082076,1.0265792010516581,0.0007036651909427446,1.4135945285851017,3.4347435315124946,3.43419325765007
cc90fff21b,0.20810734150166682,0.09614897477843909,0.21347956425046397,0.10366670076018301,0.32197313670581745,1337451.0,23003385856.0,428.0,20,17,0.901,none,False,False,graph-blind,lstm,nbeats_t,mse,seq,0.20716673553555537,0.2077254947944267,0.0,0.0,350.9631230831146,0.1369446083645655,1079.3856589148443,0.44293901225024157,3.876131156250873,0.5522842557262329,4.229290329506587,0.5870675535488309,12.493487027618583,2.114834331198258,13.531808743201006,2.291207721274956,0.1230290502309039,0.02164017042313201,0.19022962997727852,0.02636652547626409,5.4840064343269926e-05,9.259912144399966e-06,92219096.1179467,1459660.0757368805,138775455.66015962,1959575.3889617876,-34.599421173412516,0.5974663340084174,432.3396330031253,0.10391366948069371,84.49727830621931,0.11541120273118416,-0.5048064119766172,0.15042972346493644,-1.0048485724731175,0.28013037927530765,1493.5784113669354,4.101190640744132,638.5789794921875,0.8680068017725874,0.0,0.0,432.3250362570438,432.3250362570438,0.0,0.0,1492.111542002153,1492.111542002153,0.0,0.0,4.213402169189777,4.213402169189777,0.0,0.0,13.470117321393491,13.470117321393491
a9791b6804,0.21123412888204063,0.09741124500274512,0.21713137427844206,0.10484282638663324,0.3237944199436322,795319.0,200338435688.0,629.8,20,19,4.558,mixed,True,True,uses A,mlp_mix,mlp,mse,linear,0.21323893251388418,0.21150285950632391,0.0,0.0,291.78972385327023,0.14885661649430706,974.5498862912258,1.2562852073430382,10.575877502536363,0.24636294175456214,11.429974278321117,0.286537977538152,37.5904900696904,0.8644466018477227,40.70260582764599,0.933657113785593,0.26279929933891677,0.03339563094411042,0.4335681626377925,0.05069680675981992,0.0002934222109874047,6.279440890261203e-05,296457821.2406816,16839633.725786943,306406065.07533795,17598886.86672861,-161.70372081006732,47.617151030291566,460.2267633426013,0.5282927242078106,80.83719542291429,0.11719726770716984,0.06183404035845238,0.4262311549635845,-6.320754126814066,0.8790710219170693,1165.3393484216724,7.603455800951374,515.761474609375,3.151449535575769,0.2568965553574003,30.85667699120984,460.2242105796258,459.9673140242684,0.5228018044545024,1.8744219587448672,1166.2571558917944,1165.7343540873399,0.01546952201037044,21.226196027940297,11.371443249845685,11.355973727835314,0.02269615226628474,18.188460034494778,40.42991476351396,40.40721861124768
3e2c83ccf5,0.21009507005846678,0.09960853875613848,0.21493726932287507,0.1060309145449133,0.3256238850958469,1509047.0,213895548520.0,666.0,20,19,5.057,mixed,True,True,uses A,tcn,nbeats_s,mae,linear,0.21139702243764064,0.2120031095085649,0.0,0.0,416.2432571351528,0.3766298198267748,1155.7770636516314,1.9069108264627002,6.804494506664317,0.4224169330224691,7.257947588533291,0.4013399514768089,24.265570346060382,0.9322815416957809,26.37230118925336,1.0489449003659155,0.048848760906383036,0.014604137244999557,0.08546675787688267,0.021400097496509417,7.891870352140654e-05,6.140185933381346e-06,142149331.06042457,6997114.086554028,173482268.61595342,6133052.1822421495,-46.923106499024904,4.4679211492839395,467.3149001189731,0.1642911737757727,84.81928740607368,0.19344468563200098,0.47470662410473086,0.08642969898068249,-2.207839358921297,0.5758726819437912,1342.4818557906083,5.662839346387251,716.3403930664062,0.9381949352485401,0.26007996620258683,37.10404050802407,467.3228199082033,467.06273994200075,0.7690366606264737,3.3651615439887523,1344.0762787800618,1343.3072421194352,0.0018254072299089448,1.8770252276338135,7.248169804451418,7.24634439722151,0.0015356183223680375,0.37270666782843553,26.36268825729746,26.361152638975092
68a8b816fb,0.2071405067597466,0.09916552186769413,0.21128866775018348,0.10571980059621092,0.3251458143605895,446383.0,5205069824.0,326.2,20,19,0.376,none,False,False,graph-blind,mlp_mix,skip_connection,mae,linear,,,0.0,0.0,251.08639645576477,0.3499374166074159,574.1315713475148,0.806836977410673,2.1386798992025433,0.08006211428927741,2.2701199936667984,0.0728086328130359,7.7973925518331555,0.35343448678430966,8.434828091327725,0.34373690549679,0.05544944651584192,0.008041793310649057,0.11578410193713486,0.015188266172837145,1.2778404040449203e-05,1.119757994625139e-06,104826043.25875513,2590640.982693219,137058044.02405205,4204177.221988782,-32.180639908844825,0.03286240181115787,388.31081799013486,0.11876229900994244,26.023027645217045,0.021461340816405865,0.05591588640440152,0.009255452563063843,-0.5521476225648835,0.05529612858130048,911.1476292127783,4.981401541458084,381.72559611002606,0.9270221051747861,0.0,0.0,388.3250199531737,388.3250199531737,0.0,0.0,912.6760461957393,912.6760461957393,0.0,0.0,2.2657794000149387,2.2657794000149387,0.0,0.0,8.413003365351534,8.413003365351534
c459cd39c9,0.21080857437340025,0.10106874742856768,0.21605253471300973,0.10799927487878204,0.32863243126444786,874497.0,364452422452.0,794.8,20,17,4.578,diffusion,True,True,uses A,lstm,nbeats_s,quantile,linear,,,0.0,0.0,348.425216337045,0.13749260064218113,962.0024993829429,0.5883943559832921,1.9524013513243215,0.11101375921906619,2.1217798957383263,0.13360858593482725,7.306184656007392,0.4366191113269566,7.898862950651002,0.48351700578400797,0.04455698109649673,0.010881222449447761,0.08318989921676515,0.02450326303919697,1.0584563842787893e-05,4.536330528572881e-07,749449884.1330811,44645206.92165247,775786341.6516066,47184678.1203558,-68.55914597730873,31.64810603511949,458.141017039451,1.5056027318019847,58.28990370697446,0.047437089819507235,0.020872374456635884,0.0034916654981458285,-0.199262995010527,0.027835029569371426,1248.8958833067825,10.533164452549919,563.6142985026041,3.8210400069816397,0.12112385461754609,7.337478192863892,458.14270560434215,458.0250865658915,0.7539585662159425,2.29683658433253,1251.4300999323057,1250.9062247453462,0.002625302785175476,7.74516908928107,2.120427676130793,2.1178023733456173,0.005061259937532074,5.6556525940094735,7.884971555680711,7.87991029574318
65d064eb3d,0.20636652915401857,0.09741025952377705,0.2096775271354136,0.10138702590469922,0.3184132941707981,913185.0,119485719348.0,538.4,20,17,3.619,diffusion,True,True,uses A,tcn,nbeats_s,quantile,linear,,,0.0,0.0,347.9037890235583,0.2672819123520471,963.1536577021083,0.8541853267757319,1.2110950587023883,0.08314839936823254,1.3104352505144001,0.08388173370965875,4.412379900413838,0.33431152698747135,4.772331361731598,0.37674341205529926,0.015542355091407943,0.004400346168035045,0.027376084271619288,0.007478072750126654,4.9291698689218485e-06,2.68108000130449e-07,77838106.95385559,702211.2138495123,109867276.52730487,1129494.6515593666,-141.4372881869833,44.13415096327794,440.0919859001904,0.6155121222220494,59.04010026984744,0.02524020042317861,0.011775772348219575,0.0024859245954903255,-0.05102063654800443,0.009761854925819947,1191.496589283673,5.4109457114064705,536.6015014648438,0.7773185626858347,0.07693111612174637,10.286605619814983,440.09212806282835,440.0151969467066,0.14858544974390497,1.28398746206556,1189.885774632759,1189.740475644533,4.033054083022828e-05,-0.3907106718539555,1.3129441132454802,1.3129642447818828,0.00010021923031692619,0.1436093263856532,4.783876489352686,4.783868677720235
3c8cf00e9f,0.2099273121107015,0.10018844214699339,0.21596628815993538,0.10746481097240634,0.3278182590588974,418517.0,192010772480.0,528.3,20,18,4.081,mixed,True,True,uses A,transformer,mlp,quantile,linear,,,0.0,0.0,239.25177826484045,0.14653157699528988,479.17280452450115,0.34451219805664013,0.25278942092700163,0.025328058750068282,0.29505960412952703,0.027193439127323266,0.7221974280273651,0.056648232990696115,0.7707451775128783,0.061707625524539206,0.004235256499774037,0.0023855810587416395,0.0035910691058492635,0.00413060001721437,1.9825078831077307e-07,7.477207882188608e-08,129242710.65476169,1731283.560090127,185695240.5379572,2524363.4765857127,-1282.616829502689,661.5611260095808,437.9287582576735,2.096347330550443,36.71896939807468,0.060301554871914104,-0.0030650148075322555,0.0007937031066913825,-0.005255214178453049,0.0012609583214733518,802.9289218235623,6.154632981945062,384.92604573567706,5.756549297135452,0.4261110671962456,21.57231968730111,437.9273863546811,437.5012752874849,0.5569080218103863,3.060557108996518,804.4873065301736,803.9303985083632,0.0005354676726050759,3.9396530917938755,0.2950581852409891,0.29454851792721415,0.001387186207878736,7.374429909265512,0.7708676736295155,0.7694804874216367
8720c84fee,0.20399076245066075,0.09332666571420524,0.21101704901916452,0.10194413474278759,0.31928691602191844,1418867.0,128908939264.0,630.6,20,19,3.126,mixed,True,True,uses A,lstm,nbeats_t,mse,seq,,,0.0,0.0,439.3355282346408,0.5574748372572221,1306.2988112320502,0.8556070890292928,10.319962047906301,0.6550344349611615,11.029859077240905,0.6296903578866505,37.3953464218329,2.487599916124665,40.50405807139995,2.4042483218098982,0.15129813614196094,0.06975174686815187,0.2710034304065751,0.10881946936087697,0.00028359042731541424,5.3286782460773404e-05,65207467.02408949,513998.3495399839,92759531.9592222,669390.6138239804,-67.66809802115834,11.302456283418657,448.4085285010174,0.21854435910610256,98.87978794839647,0.1649000056245842,0.6991215661889427,0.3347757355149957,-2.5815496114447996,0.4890673897504982,1876.7671324397186,14.004847801247715,809.0504964192709,5.330637573001319,0.22285372619188593,32.39394985261221,448.43189504650167,448.2090413203098,0.14072403238848588,1.0213763327295797,1876.948288120559,1876.8075640881705,0.010731032133950436,5.535032544901203,11.125809876819975,11.11594562742021,0.02773378330483922,5.868649006765599,40.905134060401046,40.87951500906947
9d32d81fa5,0.20314832076881872,0.09529193809565543,0.20771392696563296,0.10097756434683408,0.31776967184870564,1439855.0,191484004764.0,705.3,20,18,3.607,mixed,True,True,uses A,lstm,nbeats_s,mae,seq,,,0.0,0.0,351.18922051290673,0.33617026076752426,1444.8979350055258,1.4627366451197694,4.229527993695228,0.05044660980165148,4.56810087027634,0.0723748467603203,15.556321589115436,0.0717827974381388,16.89316913447197,0.10715004144176427,0.0345754349028338,0.022956641041981866,0.064313568630232,0.03929764668931063,2.200351806922534e-05,2.45228519619398e-06,114708796.89971226,2021900.2706552197,169147396.03794494,2018894.5496170763,-118.35255988190438,78.12718169006075,463.08356889002425,0.3457601718559577,78.6517231464386,0.09884101279970822,0.03790450409490236,0.005024087934852972,-0.6791389028684954,0.012632219774044015,1572.9557660910796,3.1523312782027317,614.3953653971354,2.5840052737346175,0.11397418924521692,19.685993188588483,463.08605024360713,462.97207605436193,0.3079009880938581,1.699260566928401,1571.06955890752,1570.7616579194264,0.0005993444491630603,1.6548647217725516,4.560695137636923,4.56009579318776,0.0018664151661506405,1.1612873313928507,16.85199174628766,16.85048091262213
c8b85a1bb8,0.20138355579203263,0.0954470177094689,0.20745943577884898,0.10183392693100536,0.31911428506258593,1184791.0,307909554996.0,797.7,20,18,4.569,mixed,True,True,uses A,transformer,nbeats_g,mae,seq,,,0.0,0.0,470.6262150307496,0.2569300324494913,1129.2585927918553,0.2144217248900513,1.5639453915209742,0.1407791809653419,1.8254501320818832,0.1648485453261063,4.580449393070637,0.3100839499178116,5.055828609074496,0.31317689917737984,0.07288829637856285,0.06336691383603112,0.0896284270587915,0.06669184044248942,1.0355049686710597e-05,6.647927015773669e-06,714286772.7923576,80325342.75923426,748229774.3162557,86369146.39392595,-1436.5590595715105,1325.6776108181866,456.04762669286674,0.8187326208045148,67.41993521319495,0.08755950759279466,-0.08429074885541295,0.06792012014098153,-0.2001692936135208,0.08417239507150315,1692.2244663744516,8.761410101439745,841.8796590169271,3.0021815804924707,0.21734809212424958,14.25882596411581,456.05024982751326,455.83290173538904,0.33758375135115176,0.8097537768436843,1692.2343095255771,1691.938798178633,0.013541977495319971,17.21475046843488,1.8174280313449382,1.8038860538496184,0.017739616426734568,15.250776295486872,5.037944923674072,5.020205307247338
debd69ddc1,0.19994515856544942,0.09055207116927873,0.20855812091868248,0.10094959143836466,0.31772565435980243,1143875.0,222873841256.0,785.0,20,18,4.093,diffusion,True,True,uses A,lstm,nbeats_t,mse,seq,,,0.0,0.0,411.4213191916545,0.5510980099603496,1377.0727326286335,1.718745002300003,2.578088351217351,0.43770112183621235,3.1291263848436426,0.49508271606666104,5.902230232613623,0.6487612191038031,6.644662026334,0.683050743149723,0.1926619116921385,0.11777283072783518,0.27310546807748365,0.13065433238139235,5.339472732376733e-05,1.7627540903479527e-05,110339137.19767384,11086231.935470985,128877810.2534371,11812513.492247717,-3327.565561535852,1678.5326556902394,450.61198916122953,1.2608576725458056,57.7280863655938,0.08389403312624366,-0.6993227908770668,0.5149870859163754,-1.0421042148525248,0.6908462745898495,1926.9137310038575,9.736625149716268,833.8768513997396,3.3369503800115194,0.07753883836704745,6.621738642681514,450.6257936637709,450.54825482540383,0.1841771571124203,-0.44987593424756506,1924.6824861859097,1924.7236845159896,0.0031455725376470234,11.437744917591369,3.118986653184307,3.115970521404537,0.006110255121989224,5.803363020606357,6.629164527016921,6.6284878436873225
3c49ec9fdb,0.2070244212498313,0.09779331863911683,0.21373334357394144,0.10525173136697696,0.3244252323216814,754415.0,239417138792.0,645.1,20,19,4.562,mixed,True,True,uses A,mlp_mix,nbeats_g,mae,linear,,,0.0,0.0,284.1531672676404,0.24859949439571505,851.171930992355,1.5333939435263741,2.0730275354690093,0.012715786127420567,2.2471644622488625,0.02707120402256493,7.338954342479529,0.2265159168208667,7.9036808111903625,0.23153881893183045,0.0510973058311766,0.016077095550278555,0.08022173875224438,0.023520607972566675,1.023899969754692e-05,4.2404771252826464e-07,146664930.50210798,5611288.193518407,183176209.4294251,5655230.135067132,-178.5000431347488,76.45529865759072,454.5508568224368,2.2815060732679804,37.20850186877781,0.07395980839401847,-0.010654604288012098,0.005834593161235669,-0.47347780011726415,0.03632580791887232,933.0362728326307,7.742180435244731,455.64808146158856,3.273713915072458,0.1987716511899483,17.015722738914654,454.552937055599,454.354165404409,0.40007985180606437,1.800789057701038,935.9164820749486,935.6139348538611,0.0037008467829418024,10.893111546977371,2.2551889335617696,2.251488086778828,0.005865174849724338,6.211190327338277,7.929153815292494,7.924257792823984
b7ec9b33f0,0.2364020896069238,0.12460923882701326,0.23866270385874092,0.12787702896676711,0.35759897786035005,586669.0,7681806336.0,358.2,20,18,0.89,none,False,False,graph-blind,gru,skip_connection,quantile,linear,,,0.0,0.0,248.436471949021,0.374690375764114,652.2187089025974,0.3875959255106035,0.1845527376310656,0.005110777730495157,0.2077201054229956,0.0077056418938007245,0.5698358916804934,0.0057835906307238906,0.6154661836528487,0.007913170730644082,0.0008446112200726363,0.0012626509824429579,0.0036780292873101555,0.0008746090565595477,5.491749634009322e-08,9.1971408349029e-09,55985742.83963597,423761.7334865156,63677828.817859985,353150.49981465086,-42.7076615507494,3.4161040920426977,379.62205679598173,0.07816892075860625,29.21066767639584,0.05387799012587032,-0.0006730964999190197,2.5774671108649072e-05,-0.0019812310804776093,3.409611799080181e-05,908.3932621613512,22.584517843185136,352.5763346354167,3.867486534480674,0.0,0.0,379.6283700882383,379.6283700882383,0.0,0.0,907.7319274110188,907.7319274110188,0.0,0.0,0.2068856838472063,0.2068856838472063,0.0,0.0,0.6143909417130746,0.6143909417130746
208bef6439,0.21878344387062326,0.10754315474592001,0.2227122798981544,0.11461880878799548,0.3385539968572155,801961.0,55458745140.0,492.0,20,18,3.134,gcn,True,True,uses A,gru,skip_connection,quantile,linear,,,0.0,0.0,313.4239754974842,0.17009049060723136,1014.3655365730325,0.8276410503543271,3.2879872017717084,0.17110695920467897,3.529236716246777,0.20905173671421848,11.452807420701603,0.7222059801617646,12.510022602511519,0.7354637180242557,0.026829772302844012,0.014746137231341301,0.055788182214352444,0.027363830657227247,1.4857975245325996e-05,5.720555216717422e-06,45525538.54040117,504375.4872236171,74467627.69146258,933212.6914414824,-49.023218871600335,13.226514231978372,439.33446726331886,1.3062137510530065,47.94720255004035,0.20651251836105194,0.05098245057540284,0.01768327307472594,-0.5825476436106461,0.10518766443966106,1243.3898348123473,18.626234528025467,461.88808186848956,3.836325671963381,0.17172848371215346,42.6423396568208,439.3391455077923,439.1674170240802,0.4396537224752137,-0.05592921475299747,1238.9533909840218,1238.867665031798,0.00017897869018209298,1.0268306762391453,3.5290328121858843,3.528853833495702,0.0005396571231971828,0.6981700279674651,12.50867433141714,12.50815554207875
6b9b7b0cb8,0.2039849124198884,0.09683591412009177,0.20732255062975236,0.10173649647281102,0.31896159090525467,915201.0,12156583936.0,429.7,20,19,0.908,none,False,False,graph-blind,sep_tcn,mlp,quantile,seq,,,0.0,0.0,353.0415247231722,0.29441575933227365,864.0446036681533,0.3038487872800825,0.4669592520406998,0.022433402054010485,0.5690083412515171,0.025422825096606677,1.1811167487716971,0.043199937824848385,1.293226182249731,0.04613020442315649,0.004661920524049874,0.0012867024987612836,0.019440274772851027,0.002294095123436403,1.464082344480674e-06,2.929226478755468e-07,164479670.41265944,6591697.231173175,188082723.25304177,10567770.907366293,-36.47353875358507,0.6335671623174358,404.3083555004127,0.13933249273954812,60.578113529417244,0.13199746273950824,-0.0016193942777899227,0.0012125102918205328,-0.013731357373492811,0.003257708494352585,1504.563297873194,9.928915399984028,641.1270751953125,1.0504810277798298,0.0,0.0,404.3171520042533,404.3171520042533,0.0,0.0,1510.9959812961586,1510.9959812961586,0.0,0.0,0.5737103866902167,0.5737103866902167,0.0,0.0,1.2980876141737951,1.2980876141737951
3bc0a1f7c2,0.21061405573264882,0.1026999950865047,0.2149771140065304,0.10947003052313442,0.3308625553354964,891015.0,14828126208.0,378.3,20,17,0.42,none,False,False,graph-blind,mlp_mix,mlp,mae,linear,,,0.0,0.0,306.77741924921673,0.2942610473135796,736.0318612505993,0.5268906048357698,8.408945181077192,1.8344113671569453,8.859691380500259,1.948756431983203,29.115175006959063,7.058464707150511,31.506033468430314,7.712044334310894,0.11252115776072473,0.04650605925218566,0.23729700049942629,0.09241842456607915,9.34716106827807e-05,2.629714918395812e-05,5346898.002201614,58216.673380232605,8593992.822661968,103736.13594675134,-32.04515032692846,0.00634344392088415,417.4797056393577,0.14824501115636438,64.66439452436235,0.14911655637527246,-0.1108469819062358,0.693216681708902,-6.299069313271409,3.8513220761034828,1052.4021004214412,6.043107316479424,499.1781514485677,2.12800996755494,0.0,0.0,417.5058042339853,417.5058042339853,0.0,0.0,1052.2812265654854,1052.2812265654854,0.0,0.0,8.88904241655199,8.88904241655199,0.0,0.0,31.565430746372392,31.565430746372392
61d8caf5e4,0.20305509812375036,0.09217008444779067,0.2091226825442717,0.10045606258121231,0.31694804397757737,1701915.0,29562361856.0,469.7,20,18,0.914,none,False,False,graph-blind,skip_connection,nbeats_t,mse,seq,,,0.0,0.0,469.8593148390452,0.23211546278377818,1185.4674639751513,0.32203831689633944,4.0840457526380005,0.8513766345868354,4.466353013723575,0.9043022435986259,11.425125890534972,3.1560509957585765,12.609680901291862,3.5410146844871155,0.19538055247772837,0.016494384259506913,0.3182797485849806,0.022437967751224634,6.829757182762705e-05,3.1355819810880964e-06,321357426.59586525,5448225.401939473,357437676.9896044,10224188.655080486,-32.74532667118721,0.3177825378948051,437.439643221478,0.34129088001895896,99.47921624448566,0.013124617374459892,-0.6798351856837627,0.12127994231051446,-1.2628513864196063,0.28218401275419563,1709.9683629186522,10.939614618754913,824.2371215820312,0.7638766037911606,0.0,0.0,437.42016113332,437.42016113332,0.0,0.0,1709.7817592874408,1709.7817592874408,0.0,0.0,4.482018661525874,4.482018661525874,0.0,0.0,12.608408628497187,12.608408628497187
bc8484e293,0.20718969741307672,0.09813213056477342,0.2114243047765594,0.10369428280955283,0.3220159666997163,440737.0,272932724736.0,658.3,20,19,4.564,mixed,True,True,uses A,lstm,mlp,quantile,seq,,,0.0,0.0,260.3079779247443,0.2036836274216829,523.5152443548044,0.4534268472866474,1.6880791451374837,0.2482335124537813,1.8265312288205493,0.2605866294600176,5.448472315249583,0.8568839968503715,5.922241226540954,0.9261835327238883,0.021112758934892385,0.006949117848757679,0.03790960782238079,0.015804927291265015,7.539177510097908e-06,1.9222771919121344e-06,275408775.5833576,24862460.720769897,292958330.263755,26468982.004029293,-185.6632233415763,59.32535288951646,444.8226165397304,1.1095260078476115,26.778258336914913,0.01959736885864601,-0.022317695886473882,0.03560282482494274,-0.43156914979731836,0.18158697916288544,1043.0812995600834,10.169819927865337,510.22801717122394,0.8437498124783703,0.2990940207771284,11.968510098773805,444.82406421316955,444.5249701923924,1.1002997766763656,3.8372500859357626,1044.224603955163,1043.1243041784867,0.0034216982163843834,11.640176709084399,1.8327434134168994,1.829321715200515,0.00529140202194404,9.598448859449366,5.944046278271728,5.938800899589812
078b5550c9,0.2127587534681095,0.0999237814576647,0.2175971472788616,0.10799454348651986,0.32862523257735377,764231.0,12716447744.0,387.7,20,17,0.887,none,False,False,graph-blind,gru,skip_connection,mse,linear,,,0.0,0.0,258.76090157032013,0.30237687348870973,726.4190064420303,0.3926330418131226,18.422579366674956,1.7023042054157973,19.407098512270856,1.936774145557523,64.57323580326472,4.993476192957598,70.20357938086818,5.748587039139847,0.21882725101044898,0.09619170872327598,0.43964461242436764,0.21238576694400813,0.0008037975416831161,0.0001157724586542715,73091540.152507,1056122.9438205636,109020867.42591107,1870038.2980064612,-32.050268756498525,0.012088021757172582,418.66757285944294,0.30260561303221184,65.06185301144917,0.07019397916427238,1.2595479022303604,1.914127290780281,-19.03318356659524,8.151892306754277,955.0430200555344,7.390451312638127,406.22361246744794,1.7188314146449417,0.0,0.0,418.666351363105,418.666351363105,0.0,0.0,954.8743204002619,954.8743204002619,0.0,0.0,19.496420027135237,19.496420027135237,0.0,0.0,70.51098645914415,70.51098645914415
c8a3b7286e,0.21429122231825434,0.09971651684847453,0.22324830835349996,0.10975257247102742,0.3312892580073,683479.0,157740809832.0,551.1,20,19,4.073,mixed,True,True,uses A,sep_tcn,nbeats_t,mse,linear,,,0.0,0.0,219.56906932592392,0.29250485139792043,783.8763496579292,2.3476909981893974,26.191070770195136,0.543033831592797,28.041775289448086,0.8608070706488249,92.81339522796891,2.8418730984555562,101.119813227795,3.859425986810063,0.42377439105470277,0.057171134539803416,0.7433405716726735,0.06809330813151127,0.001141305844711774,0.0001987076376636861,85769158.44144332,2170871.8667235137,120107433.60595031,2226674.9604182304,-50.14714005775485,2.239529152706545,449.1301272783891,1.3632018210320416,50.125892559687294,0.0833327830010146,-4.095193007631058,2.1998677672095894,-47.69428079153115,7.569496428808798,866.1685531334692,0.4017248492495026,399.9582214355469,0.5668250826392,0.15670119679121322,22.661577805554792,449.14939368036596,448.9926924835748,0.16649043326541837,1.4163836977645616,868.4931406770879,868.3266502438225,0.004251951480940856,4.34534699136937,27.957386310937526,27.953134359456584,0.0033278773198617273,0.2621469792056824,100.90834416299394,100.90771536277487
6f77e842fa,0.21346465300028572,0.10289269676851066,0.21879383153766577,0.11012911184655555,0.33185706538592114,1103727.0,389064337408.0,888.6,20,19,4.567,mixed,True,True,uses A,gru,nbeats_t,mae,linear,,,0.0,0.0,393.529970596234,0.04806748995471374,953.6633658483624,0.24345952509118343,9.569879042298643,0.44229323516856434,10.104827166576005,0.6015944970778366,33.3834644358656,0.7185745764803803,36.18395315583152,0.9117691501931998,0.039524556409228945,0.053106200608676705,0.06661514650866758,0.10256001458316956,8.784700548967733e-05,7.310865016410341e-06,1075385072.1721237,88862650.60977462,1120995204.9829683,92030836.39315562,-172.13314576681105,114.28693063704489,463.4877688581046,0.8274515915031785,71.99664613935683,0.284900286006484,0.13760709613674035,0.16357324810767238,-4.123715890633324,0.5829052196887664,1328.411029982786,16.79852558497817,674.2486775716146,5.945451886521343,0.2408902257309554,15.74308724680207,463.5064023061686,463.2655120804376,0.7229075547939677,1.399477256025003,1330.8360239391695,1330.1131163843754,0.00944538919371555,7.491020172645717,10.163869957045389,10.154424567851672,0.014672381589745006,2.660496383169425,36.409878793421996,36.39520641183225
7f4d7b46c9,0.204856489639345,0.09353994216198654,0.2154297783624294,0.10970819176082366,0.3312222694216433,1212139.0,19416477696.0,438.7,20,17,0.911,none,False,False,graph-blind,sep_tcn,nbeats_g,mse,seq,,,0.0,0.0,352.213462377588,0.09521540916552879,902.4724990551671,0.6918766447885278,5.397433266575415,0.09934441367778842,6.074151496674481,0.08208299027069717,17.85192622563497,0.21734895058924042,19.624892239344817,0.19186781507944367,0.19204841241701587,0.031631878834824656,0.3595318047389986,0.06515412413373227,0.0001207782599147137,8.080760893435973e-06,67711598.08102137,996847.1266676983,88962168.46251248,1083038.9973632607,-32.76005981218592,0.03550627410895156,415.9699931861198,0.21486553017643908,60.76669919490814,0.07796555046137908,0.02191530670134842,0.05607261611320881,-1.7886227290837542,0.15691453585358275,1424.2206639829694,9.877400569940454,621.1616821289062,3.57073223219138,0.0,0.0,415.9758259362671,415.9758259362671,0.0,0.0,1422.5771291913072,1422.5771291913072,0.0,0.0,6.034620032054619,6.034620032054619,0.0,0.0,19.579616210875436,19.579616210875436
c06230db22,0.2111382165614129,0.09758703862175797,0.2174579666761027,0.10560790914472197,0.32497370531278674,485251.0,150765907560.0,561.6,20,18,4.07,mixed,True,True,uses A,tcn,mlp,mse,seq,,,0.0,0.0,206.599728902181,0.12829991896842405,731.3751098824044,1.6606925128642311,6.079136853196928,0.4931284037381463,6.586155082847078,0.4418325577574734,19.52246632326502,2.0459656603874894,21.140434172719896,2.137310035832593,0.08341182782273511,0.027982659786146464,0.15212082487292164,0.051031104809840674,0.00011256224364704117,1.122710522352711e-05,60630243.66192367,1803629.9331223601,71938993.62649299,2141173.6368492367,-74.66488134908879,32.82847110782962,443.01526891249574,0.8261183645504055,32.29777378506131,0.08367085819285687,0.30185122528963243,0.18684433280230403,-6.073329896922977,0.3612784432909577,1011.2104590023501,5.4389423980400435,442.7336730957031,3.2198857693373855,0.25502510853914373,25.40880254313469,443.0137871722084,442.7587620636693,0.22949499753061295,0.5315436915877872,1011.9949992519885,1011.8433048584503,0.0032488659463213074,8.736151507158844,6.608698635317394,6.605696516823956,0.005183184179067268,7.182720555419939,21.172182473584883,21.16843212174333
96d962d609,0.20501542402893752,0.0933194749917063,0.20844395013669714,0.09955680958534542,0.3155262423085367,1473707.0,313625677824.0,874.3,20,18,4.575,mixed,True,True,uses A,lstm,nbeats_s,mse,seq,,,0.0,0.0,488.3913499464591,0.21740767316378956,1307.1322873979807,0.4904486679428532,12.421266349047073,0.6140507584916635,13.523998615939954,0.7230832349749821,43.68673701985521,1.779254278490022,47.76061639644424,1.8089084295060227,0.2974996500305495,0.10437797682743404,0.5523667083960553,0.12561461229030704,0.00025212995169662615,1.3585918828694908e-05,322905611.0666531,5876265.015889312,377830120.1830928,5535524.242572825,-56.910738959437985,24.58409325667862,463.5993707083738,2.3469901963029867,81.369041217698,0.19012151983825876,-0.19852451156945952,0.6405516847348984,-6.432493808776165,1.2215429524773538,2032.0054301405107,14.442970924499042,890.9358927408854,7.3095171328841015,0.23625246969641012,17.404338020431663,463.60810430144016,463.37185183174375,0.7954212702770747,3.4699764116505714,2031.580680876195,2030.7852596059179,0.017475068647872405,14.973471297692882,13.523294500380558,13.506417021285442,0.03175934383922888,14.839742111198948,47.718073003956405,47.686368116380834
1e20477f16,0.21091005079309108,0.09959417111535375,0.2154818480718092,0.10543949839133528,0.32471448749837956,601749.0,380208768616.0,839.8,20,18,5.05,diffusion,True,True,uses A,skip_connection,skip_connection,quantile,linear,,,0.0,0.0,280.2631919234991,0.19318033251355074,743.1192955921093,0.14122753357665677,1.768227715035967,0.08471389861040729,1.8961076656416758,0.08302247375670865,6.37517290620196,0.1916051931403626,6.888259374742208,0.19438125000489262,0.035600901524684266,0.016496119090977538,0.05167300093438318,0.017838986622603362,5.720578796543693e-06,4.973792126816576e-07,426607451.2511205,9547681.954222988,491377313.2716152,10004135.744458893,-244.21266799641862,120.00546908992074,456.70344112395634,1.0944222296165205,36.04379786385431,0.206123266816889,-0.009297575194581293,0.017299173216483298,-0.23120155164771197,0.02185320310150473,879.4095482539609,6.63747790191241,464.55051676432294,0.5472612789764151,0.1448365600117351,7.116702398897116,456.7030710419854,456.55823448197367,0.6559894269460074,2.2758668112180938,879.2150102059074,878.5590207789614,0.004116304524893237,10.333150267006852,1.8998487608232029,1.8957324562983096,0.0075866901204720465,6.564322170287212,6.900569624484144,6.892982934363672
b72121fb5f,0.20847895182726175,0.09450209475107284,0.2137528396367735,0.10245327983448234,0.3200832389152583,694083.0,9696405504.0,454.5,20,14,0.881,none,False,False,graph-blind,tcn,mlp,mse,seq,,,0.0,0.0,285.56457892556983,0.3758751559354731,825.6046669135491,0.17131228973206636,11.715209347088603,0.33378667875295215,12.63411516723209,0.2293534450026768,41.947255492700435,2.3293595410656933,45.58921733322463,2.316579728593297,0.4153751925885681,0.0154034132361939,0.6741142558809391,0.06775472819896401,0.0008851275425892082,0.0003733100202841434,467555233.0768242,5532007.184607758,475806977.7575988,7920067.489522775,-32.032721002516865,0.0016591561608737028,407.2422362885107,0.27419209485127954,54.519070532586845,0.044784202595312225,2.7794417288018347,0.302647022719668,-6.920109105269231,0.8941442861157474,1459.504250983953,32.05305379280783,578.8751424153646,5.407640324393209,0.0,0.0,407.2419164163464,407.2419164163464,0.0,0.0,1460.509287826649,1460.509287826649,0.0,0.0,12.580607969465358,12.580607969465358,0.0,0.0,45.42296042386362,45.42296042386362
2530ec6365,0.2110900814913813,0.09791333464159307,0.21543497494632785,0.10443162585231344,0.3231588245001418,350451.0,5483640832.0,301.9,20,17,0.319,none,False,False,graph-blind,lstm,mlp,mse,seq,,,0.0,0.0,114.74170109629631,0.04997187806083177,345.36114175617695,0.15590133843019785,2.8526193582996107,0.03717977203736913,3.0499765583701106,0.03250205666684617,9.82415297296275,0.20903292226794362,10.537598766477723,0.2349379129930965,0.18019059976543425,0.048717845133467455,0.26026767535998413,0.06364885739597537,2.1886369524361492e-05,1.0400655764808903e-06,493513557.4560935,2404866.98711749,742898486.0358135,5448041.393139633,-33.55968163509119,0.1537967708846451,386.5391726978408,0.18609064790553453,54.757936173015175,0.007346002796233803,-0.7558358250938175,0.006736095876649224,-1.4841095464184348,0.0168081358705865,594.7035049591485,2.2317129542269334,244.64572143554688,0.2268827845718545,0.0,0.0,386.55465087680426,386.55465087680426,0.0,0.0,593.9298431724905,593.9298431724905,0.0,0.0,3.0480658458610774,3.0480658458610774,0.0,0.0,10.51918409871222,10.51918409871222
4dc1c8454c,0.20971268517163905,0.09667212805700186,0.21355569129182775,0.10248495494283398,0.320132714577617,1214271.0,329155224372.0,917.8,20,19,4.568,mixed,True,True,uses A,tcn,nbeats_t,mse,seq,,,0.0,0.0,376.2099652936061,0.33534346167518275,1162.0050508864224,0.3588508117562521,6.598073415885058,0.41150432492244493,7.2281704644099705,0.4111518601757608,21.38237063073576,1.106152123654775,23.044714835689277,1.0973933346129252,0.2537513449969284,0.024243060417434875,0.3930855737071419,0.037065498044105846,8.123252241499735e-05,5.800969950627556e-06,985649363.5902572,41196667.292818606,1048314428.0850445,45387422.79388285,-700.8606605927542,688.094543907878,463.75124617736583,1.5905916051645506,71.22181895044115,0.0301384358848591,-0.7654029496157971,0.15061471041255173,-3.175223665612183,0.11367774610274074,1605.3256345367865,4.926459108015911,709.7332763671875,0.26739384229270713,0.27195238091131085,20.252477918011497,463.75396618089866,463.4820137999874,0.8629149866706788,5.938228104069099,1603.1955421316673,1602.3326271449966,0.033826823762964274,24.679892636252944,7.257363260001759,7.223536436238795,0.062145643930312154,25.897748302482132,23.157541839810303,23.095396195879992
54205df3c9,0.2100067589218769,0.09655610462157486,0.21513176865355912,0.10398654968020674,0.32246945542207056,303571.0,289939650152.0,728.6,20,18,4.556,diffusion,True,True,uses A,gru,skip_connection,mse,seq,,,0.0,0.0,246.5862254947424,0.2845854652017066,866.3270248744326,0.38779743333154704,1.3001223322620301,0.43234319644804287,1.5541988862803597,0.4794825716236755,2.269625078749771,0.6036865969302146,2.424096875083708,0.6212192265020507,0.16345735963094066,0.11078213750238482,0.19073715826159623,0.1086214135471018,1.5995887675380235e-05,8.84375527693988e-06,222976261.93020308,32180512.743434627,229911748.13068184,32901344.16823559,-1160.975764250879,206.30834433941158,448.39503765946887,1.3415753655399543,19.722981227768795,0.18439016557666568,-0.4916893958749535,0.43506198067754104,-0.5729490432044212,0.4847185712422236,1298.7713588992804,12.970102016074357,544.1166178385416,4.593794437097647,0.0783105898411615,3.000263463756382,448.3944271715842,448.316116581743,0.31016445892563144,1.7691502821796954,1297.2502514355256,1296.9400869766,0.015818566715234406,15.416845577586226,1.5551207620101102,1.5393021952948758,0.026696200503546857,17.568379913567092,2.4259583640226743,2.3992621635191274
d01d0b5440,0.20469536347913933,0.09373515570906277,0.20983234301410078,0.10266673146328699,0.32041649686507556,985891.0,16126547968.0,465.9,20,15,0.484,none,False,False,graph-blind,mlp_mix,nbeats_t,mse,seq,,,0.0,0.0,346.75032214820385,0.20274974386886827,993.5234830826521,0.11510549123666121,21.282819034294032,1.1028804134417447,22.80593473113741,1.0537167714312774,73.48848616525423,6.245428014548806,80.6032407089122,5.929430840865904,0.2955863584500043,0.07230615807924384,0.5633143461554673,0.1393858803626399,0.0008466717405913317,7.754717717498526e-05,52683048.51000214,644143.2863841526,71702493.2575079,1025293.3642462766,-32.052869301453455,0.015896595286311217,425.1867488623559,0.23693936481324074,60.38368037011889,0.37254710057860235,-0.7153066106232538,1.0122619252723866,-27.134739310235034,3.179264650839897,1506.2949550662042,12.3751728636078,633.3920084635416,2.26768726966408,0.0,0.0,425.20985425957963,425.20985425957963,0.0,0.0,1504.004408602741,1504.004408602741,0.0,0.0,22.76823601930072,22.76823601930072,0.0,0.0,80.45548982623141,80.45548982623141
f7f783ef22,0.20611258468242608,0.09721033175467059,0.21133746527764613,0.1028854965324647,0.3207576913067942,354371.0,191780653876.0,515.0,20,16,4.549,diffusion,True,True,uses A,lstm,mlp,mae,linear,,,0.0,0.0,167.59569116433462,0.07339141504957747,506.27771022791666,0.7001711946856515,1.6611150497822866,0.08850176721316097,1.8150822957540822,0.08982452402678487,5.674343494196246,0.1400084785194561,6.142994808225628,0.1375782853715468,0.024209869550835105,0.00407066507783173,0.042056054721701853,0.002410711323928456,9.234609541097672e-06,2.073532276948317e-06,121799127.95037125,2844467.9805995794,145445136.40522972,3383469.0488162446,-772.9928391775708,563.4033224773759,437.819747342836,1.6758467602385747,27.987435738245647,0.07104819597675624,-0.008468459179887502,0.025883708785582007,-0.2927727924142173,0.022536159537754716,623.4725489029912,4.32223992627062,293.00311279296875,2.5437427141101243,0.17160882129686192,8.700169164649754,437.815590408751,437.64398158745416,0.25088721040788187,1.0235177743260906,624.456482952969,624.2516229667683,0.0012091624208121488,2.320993664658568,1.8129157219391236,1.811812090144076,0.0016273006543604158,0.46792979138573526,6.139055342952333,6.138728603839776
4d14ad696b,0.2041145038688661,0.09649493877342946,0.20888730819762263,0.10379969684299961,0.32217960339382073,1154777.0,16641863680.0,468.4,20,19,0.905,none,False,False,graph-blind,tcn,mlp,quantile,seq,,,0.0,0.0,404.83197895189124,0.45318165441054115,1055.7159684747458,1.1884757119584712,2.4268717219664873,0.24394614547771637,2.5825397377596895,0.24695839781179368,8.571121534541893,0.8737587996726672,9.243032963844938,0.9225592212437496,0.018511119452312777,0.007856020005592032,0.03660986457143886,0.019039867237200886,2.0036901194843847e-05,3.7847413485979557e-06,86791748.8287114,1178381.1330512408,112491069.52336971,1676784.6719021965,-32.02820652276253,0.0016266656683374156,418.0655207673173,0.2714870567443295,60.4503112104204,0.02286663565841347,0.07158895698373319,0.018103607321752157,-0.3384746267227192,0.07925021004615744,1740.2332942912215,13.350726739197222,738.709716796875,2.232207435661478,0.0,0.0,418.04426273981625,418.04426273981625,0.0,0.0,1743.7820729762518,1743.7820729762518,0.0,0.0,2.590697467988902,2.590697467988902,0.0,0.0,9.285363805376026,9.285363805376026
bb3849f6d7,0.20150084263566148,0.09511759308205857,0.20693342537235018,0.10166598451546094,0.31885103812824717,738385.0,9238136832.0,449.7,20,19,0.89,none,False,False,graph-blind,transformer,nbeats_t,quantile,seq,,,0.0,0.0,374.39069930215675,0.3864221808549796,905.7854198813438,0.027684890402308874,2.6998291984030707,0.29915131002460194,2.9599773711047788,0.31569720771216975,9.391856602593169,1.1516724049553122,10.246154975657145,1.2344803657196441,0.04543440954551404,0.013022140721013287,0.08183850915708041,0.02572883286232108,1.9422845749651873e-05,4.243220711686078e-06,36315618.34440289,618698.0821740899,51160646.18623963,663363.2588739842,-32.23250122115403,0.06143866220932752,405.6261955617369,0.4950451909177117,41.276636600494385,0.03338925861805228,0.028373878847714796,0.042822635325220564,-0.5596580027093391,0.19646146826785243,1708.4956705881634,17.880488228417978,672.2354329427084,1.654295190837573,0.0,0.0,405.62561523405,405.62561523405,0.0,0.0,1707.7445173370834,1707.7445173370834,0.0,0.0,2.9648975531508164,2.9648975531508164,0.0,0.0,10.292971685568299,10.292971685568299
f3ab66dc8c,0.20804171467141197,0.09879606099013054,0.21178546772227877,0.10457142706016578,0.3233750563357752,740397.0,156498139136.0,530.3,20,18,3.61,mixed,True,True,uses A,gru,skip_connection,quantile,linear,,,0.0,0.0,301.6096721291542,0.06958284438822837,723.3938847089885,0.28004575943803794,1.2038703794066048,0.05125653580520634,1.2901910461453225,0.048730234601601786,4.249400658436906,0.13437011171767804,4.572836595476693,0.1501699065646969,0.006024400148141523,0.01346414827958764,0.007058374326435304,0.019885593142467562,1.6645876096501318e-06,7.969152401068313e-08,79976408.97945033,7116187.697083594,92386001.29101734,7202782.370361652,-90.11880234424395,15.747053102247563,446.9864074330681,0.8870014378197663,43.31154126591152,0.03821952080987524,-0.000754877717923637,0.005879480947748204,-0.13739533322709283,0.02672255468609441,971.1462330493359,4.9397206000959315,443.5265299479167,3.54788479187278,0.42113228054569163,32.45159002496068,446.9846072814655,446.5634750009198,0.9592042230934416,2.3448121260691672,969.5669219554302,968.6077177323367,0.0013077312190210577,8.981825183475298,1.293141859764272,1.2920388255111932,0.0025940600555604356,6.109356059569857,4.586946046654728,4.584612363381895
f456798105,0.20921466808582542,0.09612261365048923,0.21318052524889988,0.10169195942808686,0.31889176757653503,826979.0,218992434792.0,644.2,20,18,3.592,diffusion,True,True,uses A,transformer,skip_connection,mse,seq,,,0.0,0.0,372.4033351689577,0.36261187236942716,1053.9926599214475,1.6835255851979563,5.388598535704659,0.3447497323326038,5.8954607126301655,0.3627001346641396,19.913730118402885,1.2280254911761417,21.496317054521793,1.2481812149798495,0.2048135974674439,0.0428339516665545,0.345388727258555,0.04657204479034454,8.68800970932119e-05,1.5776436265543896e-05,124136516.33298786,7850282.885249596,157935956.34156975,8013013.282737658,-216.1782796512335,26.671489856534265,446.7879162133457,0.6662386483586638,37.40022460619608,0.03683015647993537,-0.05299914423880616,0.23842965473355784,-3.537561559491355,0.7387549252533545,1506.4895048232147,8.951096240674893,661.5757853190104,2.7003542605926087,0.11309710486174633,3.55272975901091,446.78896273313546,446.7407602676075,0.42919650350791017,-1.330329927155969,1501.5956332336234,1501.5321701772923,0.011383406630728862,8.262217510901687,5.917519309180842,5.911985354720402,0.020707764435638154,7.735117383309419,21.600636373762033,21.593885563248502
6e1802d5ef,0.1994733514636527,0.09355814240241146,0.20476680408565914,0.09999447946084465,0.31621903715754474,1708401.0,25533403136.0,565.5,20,17,0.921,none,False,False,graph-blind,mlp_mix,nbeats_g,quantile,seq,,,0.0,0.0,673.8044855942329,0.6331788749634927,1490.7046567549307,0.7182981313019032,1.1628252275356015,0.036217258421472595,1.5132420617056237,0.039289924088722894,3.682193759931748,0.13149477659444092,4.257485182487623,0.19711634689046323,0.14079225941343967,0.011034276440207075,0.22876855078688277,0.013007819328815621,7.327199420794989e-06,8.818632149942142e-07,3481396930.3917565,105354042.33122593,4253383832.1112576,135797566.78934312,-33.12350645629164,0.06606406461500197,426.56644070938586,0.07595991360061717,81.11232075426312,0.039703833835581064,0.0002946722672219834,0.004618606053932396,-0.04316185195259357,0.008519767488140945,2572.868870097895,6.88578180211133,1179.559814453125,1.1113684746915344,0.0,0.0,426.5731880674316,426.5731880674316,0.0,0.0,2575.0007145896225,2575.0007145896225,0.0,0.0,1.5225468799382278,1.5225468799382278,0.0,0.0,4.290277124367784,4.290277124367784
8aa83ca999,0.2071567428451377,0.09932752027719949,0.21083107371808849,0.10514478619818005,0.3242603679116214,973669.0,14716456960.0,364.4,20,18,0.896,none,False,False,graph-blind,transformer,nbeats_t,quantile,linear,,,0.0,0.0,372.80951090653735,0.2508259613324682,836.0960146635771,0.1109937454804088,5.2771307852841955,0.1646028279637098,5.508678756630434,0.1826938929948376,18.185133954397156,1.1702575654849707,19.665423636061153,1.3009063454277296,0.04431624292889922,0.010056705865957333,0.08896466871187732,0.017880262586869842,4.711726731550125e-05,6.451989648020217e-06,29787286.53073846,287213.9954549582,46250864.48275595,435182.14318424225,-32.03104468244178,0.001258858421478235,416.6871368562427,0.2897682090867228,51.4962567753262,0.05276180167744547,0.14238454110279428,0.07394214983554095,-1.985748343894049,0.12722431525184277,1185.5923685556247,8.384685419632603,532.4575805664062,1.6321576149743966,0.0,0.0,416.70299394942276,416.70299394942276,0.0,0.0,1178.3763796852845,1178.3763796852845,0.0,0.0,5.564987591902433,5.564987591902433,0.0,0.0,19.86606075503824,19.86606075503824
2851fa19a9,0.2063392821504393,0.09782656814924687,0.20918848211426777,0.10289324155234648,0.3207697640868704,1014749.0,60286894080.0,438.9,20,19,3.131,gcn,True,True,uses A,mlp_mix,mlp,quantile,linear,,,0.0,0.0,384.0770130902529,0.38866234828219187,833.4561854228377,0.5172832842385341,1.1350828900807148,0.032756026643494536,1.2407097931993984,0.03551760223340175,4.224907574815298,0.08539376972073973,4.539960606938333,0.09209042338567396,0.012968621438181628,0.0036253900210222022,0.027808102072411172,0.004642843249625689,4.015648168650448e-06,7.999156905853645e-07,19469012.65142766,170014.37388400992,29907523.415686626,127517.9332769202,-159.93107800919094,71.66563071215886,440.00004669129345,1.3151196525975632,66.37710013654497,0.09304654473808774,0.011898021267218175,0.0021900093129750726,-0.05987056684654163,0.007523405474506674,1288.584336909749,13.512814599101034,595.0016479492188,3.260360085689073,0.3518278415161073,49.200501168808124,439.9927550089797,439.6409271674636,0.24236035028714772,0.7022626998569359,1287.4252240630353,1287.318778151448,0.0002643741961290136,2.4684597501751266,1.245774358594961,1.2456215431352897,0.00039711083577387285,0.6399202567364816,4.556538270128079,4.556364162730788
6c3f1aa3d5,0.22194238538438477,0.10522701447122061,0.23179850237605915,0.11525615247256023,0.33949396529623355,1062871.0,309027004008.0,713.5,20,19,4.555,diffusion,True,True,uses A,sep_tcn,nbeats_t,mse,linear,,,0.0,0.0,305.31006223460037,0.25266937739488643,1035.4200838605564,1.062978240050822,31.59776275794623,3.923031271084042,34.10205033788466,4.038844155136212,108.67723848856832,13.4051513045507,118.99077451919663,14.621780777579012,0.8564588406994741,0.2142494334811755,1.5019235800916373,0.24962588269218552,0.002179213903325866,0.00046400372178683527,340739584.8769172,19576029.11992208,392200797.9623429,19586326.600466937,-38.330908434606364,5.286313664923096,462.5450945128798,0.8710800213501296,81.90012473530238,0.06400291319037643,-5.441790004028259,4.287953152634996,-48.24826137913191,11.76894800720427,1100.0564674002726,20.209318799844276,536.4588012695312,8.266061604998688,0.07679662233757274,8.00542276276879,462.5372617893563,462.46046516701875,0.6506034904747745,3.2903657064346445,1099.7531783221634,1099.1025748316888,0.04173636784573868,19.986319637847956,34.01214795256973,33.97041158472399,0.07927829930243983,20.6257182065806,118.63160192493018,118.55232362562774
d1015ae729,0.20772516406345046,0.09901239326378239,0.21411565850822842,0.1063752103154633,0.3261521275654404,768503.0,177765764712.0,591.7,20,18,4.568,mixed,True,True,uses A,sep_tcn,nbeats_t,mae,linear,,,0.0,0.0,294.181415622433,0.1737207030814029,970.1632889707884,1.4914155179088178,10.638643926235394,0.7708299045485824,11.365824685844805,0.8530386364157082,37.19155515786017,2.7640105474216092,40.864854387175534,2.8568968176233542,0.08839064418302704,0.04505973061733125,0.16868917784129922,0.09617343351498402,0.00013128835974885218,1.6702208410360757e-05,103466437.66910239,13019428.438096315,115950597.90370493,13566269.979428222,-66.03782305819672,34.41186298787597,456.2193063158657,1.1717339941746443,50.62024870183733,0.07955177044373903,-0.25309708376760903,0.5254023586435577,-6.9527568871309,1.9933857908475423,1107.594342023156,4.8647872267316625,492.5192057291667,1.5097226708675902,0.2614173402843676,36.99808554250927,456.21445413544546,455.9530367951611,0.4919232201491468,-0.5388408388723588,1105.7990799909892,1105.9360052143472,0.003557589997374322,1.143915772982281,11.30657654677758,11.303352851897879,0.013276468986215187,0.25285970365795024,40.577388868191015,40.571295142823494
8ddc39853c,0.20227142663990133,0.0953797630562051,0.20692623077436936,0.10052018121085524,0.31704917790597603,1217447.0,82363085212.0,555.9,20,17,3.121,adaptive-only,True,False,control,lstm,nbeats_g,mae,seq,,,0.0,0.0,376.5515788843234,0.46698197696593213,1319.3139691824715,1.0157893230515893,3.6288014683959773,0.36272333068551055,3.932215081240278,0.37388810230210373,12.009744370340492,1.0405622270086807,13.064202296656026,1.0647976899298117,0.07373202794975602,0.04765484282054191,0.1189346843666327,0.05774711216069133,1.918248225865066e-05,4.192500734888409e-06,18311119.672403686,732504.2297848822,22195741.040207487,738583.3290470077,-152.03765045364287,52.596984242383975,446.49529992897783,0.9486346927688746,80.87857396072813,0.0975934704065444,0.053326796719987156,0.10100181524496739,-1.1614685787654768,0.20474776358930316,1616.9286218974078,2.1605494357513746,678.0513916015625,0.4788261418138919,0.0,0.0,446.4904660128336,446.4904660128336,0.0,0.0,1613.5871139775707,1613.5871139775707,0.0,0.0,3.935401787579453,3.935401787579453,0.0,0.0,13.071540057608313,13.071540057608313
298a922bd5,0.1995526172715588,0.09296046459678484,0.20362965753495765,0.09852499703590552,0.3138869175927941,2150429.0,180747528604.0,772.1,20,19,3.636,diffusion,True,True,uses A,transformer,nbeats_g,quantile,seq,,,0.0,0.0,689.8902640740076,0.24322776197810742,2036.3667793944478,0.7684198080608571,3.230123630555075,0.3512633188554412,3.453428371933374,0.37169357485285326,11.678191230569936,1.428473509211333,12.562268842308363,1.5053205147481412,0.011624244343087604,0.015852554276013533,0.016258630036283386,0.01632132801379511,9.485215048554291e-06,4.102428725002175e-06,91069113.88176318,2283023.074432723,106819108.35379004,2400608.5261393334,-60.1836862889044,13.109441222261303,460.75397626706854,0.2870561781131765,99.67773881223467,0.041740730429317155,0.015667438147370857,0.025695587422343534,-0.5782257242877886,0.17894646329270386,2655.271547655528,13.742461401600158,1146.9207356770833,3.4946172261371222,0.034395017599517054,7.674127496826542,460.77372243671107,460.7424890792307,0.42472428548868874,0.5818905896387546,2665.340369189694,2665.046546772438,0.0011534016343535864,4.324945548862137,3.450104252988501,3.449016086246428,0.002987551117154652,2.2824764123050687,12.569494600703528,12.566979001448406
236ae80505,0.20392230448187912,0.0960430660409631,0.2088104850513407,0.10176704647053704,0.319009477085771,1286247.0,209170227612.0,751.9,20,19,3.602,mixed,True,True,uses A,skip_connection,nbeats_s,mae,seq,,,0.0,0.0,427.7423824965954,0.4249944389378374,1481.3290182823937,1.6046345677307323,4.309085827863231,0.20996126318990532,4.660577132707351,0.2508355536630359,15.834408291958455,0.5724789746406294,17.106239285932542,0.6070803606170765,0.07285220077025924,0.03196552052165542,0.13567445009554585,0.05853693655160694,4.420074745700164e-05,4.268526540923957e-06,149308636.3906563,34543895.27561084,164968661.42936647,7532495.119592151,-107.29185470623884,44.07020179289593,466.0070991445397,0.22660636484304147,99.00047587023842,0.0769577297165388,0.0645232402178302,0.020969027227391922,-0.5869546531567212,0.10175020609665354,1798.5406170062442,8.535161022263017,796.3421223958334,3.5092797005188716,0.1736708820588054,42.12339230677803,466.0060974212584,465.83242653919956,0.32210384520415875,1.2672532444278741,1796.106006151398,1795.7839023061938,0.0032662590208178224,6.512618741977944,4.657996748313493,4.654730489292675,0.005813541461126448,2.8429584174277713,17.085867118585444,17.080053577124318
642b802236,0.21037854702603317,0.10026486942736716,0.21546372667301533,0.10590278875251441,0.32542708669149595,531983.0,51981407848.0,369.9,20,18,2.62,adaptive-only,True,False,control,lstm,nbeats_t,mae,linear,,,0.0,0.0,146.18572740256786,0.10861568669433622,654.9251448996365,0.8578653997429065,4.940070392014604,0.48801851827945203,5.278851175702175,0.4827081320526546,17.526783514131974,1.9658296671538529,19.032352205193394,2.0676679028707228,0.06988426977309221,0.008217183315060633,0.1341314575509541,0.01443845321021218,4.916165976006073e-05,9.698495373890528e-06,8509306.409065926,127623.84189944612,12907432.172782248,153801.7114164069,-42.48673898223293,5.7270254473980176,431.4890346808163,1.2885253925107119,38.39022103945414,0.11488661331100682,0.25606688165330654,0.10232498057245751,-1.8940874123213962,0.7535421981039446,654.3705869635138,2.3680560791039356,260.99695841471356,1.9328118182315341,0.0,0.0,431.4623409659249,431.4623409659249,0.0,0.0,653.7361745544555,653.7361745544555,0.0,0.0,5.300559140542613,5.300559140542613,0.0,0.0,19.094055677870944,19.094055677870944
2c378cc928,0.20751110895131755,0.09470165094442239,0.2125833036704046,0.10157464575045258,0.31870777485096374,1076359.0,40584796980.0,411.4,20,19,2.148,adaptive-only,True,False,control,mlp_mix,nbeats_g,mse,seq,,,0.0,0.0,350.7542360275984,0.24631271303663463,916.0576824025871,0.7588605796897643,6.109382395682587,0.32713050120778076,6.5189505899106,0.3381180659011926,22.978367358129614,1.334191325074162,24.721725138412854,1.4282073390667192,0.060945122138924224,0.02084049485969658,0.08903927779236794,0.04277398339143589,5.1653805796065156e-05,8.25627763764524e-06,64601273.767415166,7999160.964177658,69515196.28347753,2426907.5380761684,-124.39995787839213,93.75792560453962,428.4258583890866,0.5143806655571699,54.20870802137586,0.04392725133512912,0.24847400113583606,0.17142879830884777,-3.2441896494896683,0.8872107923387132,1233.0227809067726,4.82513054633964,592.5870157877604,1.1899745471993377,0.0,0.0,428.41930861007415,428.41930861007415,0.0,0.0,1230.725432130292,1230.725432130292,0.0,0.0,6.511833937745025,6.511833937745025,0.0,0.0,24.683363231910256,24.683363231910256
e82856d3ea,0.20308042799510612,0.09499197348126731,0.2070118135600516,0.09953477090473128,0.31549131668673747,1151699.0,82581389724.0,529.6,20,18,3.12,adaptive-only,True,False,control,mlp_mix,mlp,mae,linear,,,0.0,0.0,388.6889345943928,0.26621210317628585,1235.096930583318,0.2267644261335607,3.0751210355277485,0.17324607473505477,3.309666417375651,0.1883463824386133,10.798832516330004,0.7104453801766135,11.649533566340125,0.7670954697492417,0.01292726675723814,0.011243926530977852,0.03439226052748714,0.028331226346485588,1.6130093142480375e-05,9.280416867949053e-07,4564327.555968217,454862.9898743687,5589459.919301904,477967.95352365996,-166.73129589265207,89.75198723197583,445.7055588748749,0.359079912757174,91.98073958026038,0.04566126828690453,0.0714499342488407,0.028872952085447275,-0.9996708312732049,0.1564524570180978,1413.4561077698966,0.9523550226509592,648.7324829101562,2.135362523059308,0.0,0.0,445.7177942884999,445.7177942884999,0.0,0.0,1413.9301043325963,1413.9301043325963,0.0,0.0,3.322551611564953,3.322551611564953,0.0,0.0,11.70083070900419,11.70083070900419
9f41175a59,0.22126340048737142,0.10293170114859988,0.227715438991019,0.11218095765046711,0.33493425869932614,906363.0,19235102720.0,361.7,20,16,1.354,identity-only,True,False,control,tcn,nbeats_s,mse,seq,,,0.0,0.0,248.55502455929914,0.12101428552398687,655.6043860763311,0.06666138887270479,16.22522980881513,2.078223497526683,17.321945911098414,2.072443772255883,60.385597941097046,9.340168564161683,65.65126243189765,9.48771084408168,0.18793735131569578,0.05074462347526721,0.331183501154636,0.0918751686356952,0.0008588810926084103,0.00021960114635854886,966846144.4020151,11267725.147093087,1361970015.3440654,16794544.816737562,-35.14897416424916,1.0279635267083067,426.6541162424742,0.369039829279801,64.34375811947717,0.22005875900768246,1.442747737064236,0.5099698788556002,-9.86558548303507,3.7623698885503045,911.0264906350835,3.1455688072812316,447.3460388183594,0.6078265228345489,0.0,0.0,426.6641406527797,426.6641406527797,0.0,0.0,908.2205039054458,908.2205039054458,0.0,0.0,17.25444621295496,17.25444621295496,0.0,0.0,65.54956746432514,65.54956746432514
641320f48e,0.20116020922435326,0.09156299190881385,0.20850733630222382,0.09947868555127626,0.3154024184296567,1016139.0,59257824872.0,534.3,20,16,3.602,adaptive-only,True,False,control,sep_tcn,mlp,mse,seq,,,0.0,0.0,383.9955154458682,0.3645359618203398,1213.9532860821735,0.515060875723985,9.451921645554345,0.5302455821797156,10.384337943872573,0.6058448669232949,33.36968116240743,1.4013668335963474,36.63236785327439,1.6341680131149834,0.1655103157533511,0.03710813253895901,0.2683917862804062,0.055154792063421866,0.00015520642405250176,1.0787601783979894e-05,106380798.41492836,1065676.1663101297,153550077.2833005,2070097.8615491486,-186.40490102299282,64.8942207706558,438.7830466075845,1.2862740054649409,60.56531671682993,0.018830889791790192,0.006936463731821607,0.2454763436969202,-9.029435482259661,1.4187647239479928,1682.4052830436458,11.078581314431327,717.4908040364584,3.028479653142955,0.0,0.0,438.7817871585519,438.7817871585519,0.0,0.0,1676.555370466587,1676.555370466587,0.0,0.0,10.268016447011492,10.268016447011492,0.0,0.0,36.192658414791794,36.192658414791794
